<?xml version="1.0" encoding="UTF-8"?><rss version="2.0"
	xmlns:content="http://purl.org/rss/1.0/modules/content/"
	xmlns:wfw="http://wellformedweb.org/CommentAPI/"
	xmlns:dc="http://purl.org/dc/elements/1.1/"
	xmlns:atom="http://www.w3.org/2005/Atom"
	xmlns:sy="http://purl.org/rss/1.0/modules/syndication/"
	xmlns:slash="http://purl.org/rss/1.0/modules/slash/"
	>

<channel>
	<title>Зеленчуци в буркан &#8211; KolMarShop</title>
	<atom:link href="/produkt-kategoriya/%D0%B7%D0%B5%D0%BB%D0%B5%D0%BD%D1%87%D1%83%D1%86%D0%B8-%D0%B2-%D0%B1%D1%83%D1%80%D0%BA%D0%B0%D0%BD/feed/" rel="self" type="application/rss+xml" />
	<link></link>
	<description>Магазин за домашно направена зимнина</description>
	<lastBuildDate>Mon, 13 Nov 2023 09:18:21 +0000</lastBuildDate>
	<language>bg-BG</language>
	<sy:updatePeriod>
	hourly	</sy:updatePeriod>
	<sy:updateFrequency>
	1	</sy:updateFrequency>
	<generator>https://wordpress.org/?v=6.4.1</generator>
	<item>
		<title>Печена капия в буркан</title>
		<link>/produkt/%d0%bf%d0%b5%d1%87%d0%b5%d0%bd%d0%b0-%d0%ba%d0%b0%d0%bf%d0%b8%d1%8f-%d0%b2-%d0%b1%d1%83%d1%80%d0%ba%d0%b0%d0%bd/</link>
		
		<dc:creator><![CDATA[admin]]></dc:creator>
		<pubDate>Mon, 13 Nov 2023 09:04:24 +0000</pubDate>
				<guid isPermaLink="false">/?post_type=product#038;p=98</guid>

					<description><![CDATA[<p><img data-tf-not-load="1" fetchpriority="high" loading="auto" decoding="sync" width="800" height="800" src="/wp-content/uploads/2023/11/kapia-dies-pecena-680-g-image_5ea2c9cfa61aa_800x800.png" class="attachment-full size-full wp-post-image" alt="" decoding="async" fetchpriority="high" /></p>Печена капия в буркан - пикантна наслада с аромат и вкус, готова да внесе изтънченост в твоите ястия.]]></description>
										<content:encoded><![CDATA[<p><img data-tf-not-load="1" width="800" height="800" src="/wp-content/uploads/2023/11/kapia-dies-pecena-680-g-image_5ea2c9cfa61aa_800x800.png" class="attachment-full size-full wp-post-image" alt="" decoding="async" /></p><p>Печената капия в буркан е истинско изкушение с пикантен вкус и аромат. Сочни червени чушки, запечени до съвършенство и консервирани в буркан, предлагат неповторим вкусов експлозия. Идеална добавка към ястията или перфектна за закуска &#8211; тази капия ще превърне всеки момент във вкусно пътешествие.</p>
<!--themify_builder_content-->
<div id="themify_builder_content-98" data-postid="98" class="themify_builder_content themify_builder_content-98 themify_builder tf_clear">
    </div>
<!--/themify_builder_content-->
]]></content:encoded>
					
		
		
			</item>
	</channel>
</rss>
