<?xml version="1.0" encoding="UTF-8"?><rss version="2.0"
	xmlns:content="http://purl.org/rss/1.0/modules/content/"
	xmlns:wfw="http://wellformedweb.org/CommentAPI/"
	xmlns:dc="http://purl.org/dc/elements/1.1/"
	xmlns:atom="http://www.w3.org/2005/Atom"
	xmlns:sy="http://purl.org/rss/1.0/modules/syndication/"
	xmlns:slash="http://purl.org/rss/1.0/modules/slash/"
	>

<channel>
	<title>Компоти &#8211; KolMarShop</title>
	<atom:link href="/produkt-kategoriya/%D0%BA%D0%BE%D0%BC%D0%BF%D0%BE%D1%82%D0%B8/feed/" rel="self" type="application/rss+xml" />
	<link></link>
	<description>Магазин за домашно направена зимнина</description>
	<lastBuildDate>Mon, 13 Nov 2023 09:18:47 +0000</lastBuildDate>
	<language>bg-BG</language>
	<sy:updatePeriod>
	hourly	</sy:updatePeriod>
	<sy:updateFrequency>
	1	</sy:updateFrequency>
	<generator>https://wordpress.org/?v=6.4.1</generator>
	<item>
		<title>Компот от праскови</title>
		<link>/produkt/%d0%ba%d0%be%d0%bc%d0%bf%d0%be%d1%82-%d0%be%d1%82-%d0%bf%d1%80%d0%b0%d1%81%d0%ba%d0%be%d0%b2%d0%b8/</link>
		
		<dc:creator><![CDATA[admin]]></dc:creator>
		<pubDate>Mon, 13 Nov 2023 08:56:03 +0000</pubDate>
				<guid isPermaLink="false">/?post_type=product#038;p=95</guid>

					<description><![CDATA[<p><img data-tf-not-load="1" fetchpriority="high" loading="auto" decoding="sync" width="500" height="500" src="/wp-content/uploads/2023/11/Kompot-praskovi.png" class="attachment-full size-full wp-post-image" alt="" decoding="async" fetchpriority="high" /></p>Компот от праскови - сладка наслада, запазена свежест и вкус като лято в чаша. Освежи се с него и поръчай сега за истинско плодово удоволствие!]]></description>
										<content:encoded><![CDATA[<p><img data-tf-not-load="1" width="500" height="500" src="/wp-content/uploads/2023/11/Kompot-praskovi.png" class="attachment-full size-full wp-post-image" alt="" decoding="async" /></p><p> Компота от праскови през зимните дни, ти е както слънчев ден през лятото &#8211; сладък и освежаващ избор за всеки, който обича плодовите наслади. Наслади се на сладкия вкус на сочни праскови, заловени в свеж компот, който те пренася директно в прегръдката на летния сезон. Без излишни добавки и със запазената свежест на плодовете, този компот е перфектното допълнение към твоето онлайн пазаруване. Всяка глътка е като късче слънце в чаша.</p>
<!--themify_builder_content-->
<div id="themify_builder_content-95" data-postid="95" class="themify_builder_content themify_builder_content-95 themify_builder tf_clear">
    </div>
<!--/themify_builder_content-->
]]></content:encoded>
					
		
		
			</item>
	</channel>
</rss>
