<?xml version="1.0" encoding="UTF-8"?><rss version="2.0"
	xmlns:content="http://purl.org/rss/1.0/modules/content/"
	xmlns:wfw="http://wellformedweb.org/CommentAPI/"
	xmlns:dc="http://purl.org/dc/elements/1.1/"
	xmlns:atom="http://www.w3.org/2005/Atom"
	xmlns:sy="http://purl.org/rss/1.0/modules/syndication/"
	xmlns:slash="http://purl.org/rss/1.0/modules/slash/"
	>

<channel>
	<title>Мармалди &#8211; KolMarShop</title>
	<atom:link href="/produkt-kategoriya/%D0%BC%D0%B0%D1%80%D0%BC%D0%B0%D0%BB%D0%B0%D0%B4%D0%B8/feed/" rel="self" type="application/rss+xml" />
	<link></link>
	<description>Магазин за домашно направена зимнина</description>
	<lastBuildDate>Sun, 12 Nov 2023 22:24:12 +0000</lastBuildDate>
	<language>bg-BG</language>
	<sy:updatePeriod>
	hourly	</sy:updatePeriod>
	<sy:updateFrequency>
	1	</sy:updateFrequency>
	<generator>https://wordpress.org/?v=6.4.1</generator>
	<item>
		<title>Мармалад от кайсия</title>
		<link>/produkt/%d0%bc%d0%b0%d1%80%d0%bc%d0%b0%d0%bb%d0%b0%d0%b4-%d0%be%d1%82-%d0%ba%d0%b0%d0%b9%d1%81%d0%b8%d1%8f/</link>
		
		<dc:creator><![CDATA[admin]]></dc:creator>
		<pubDate>Sun, 12 Nov 2023 22:24:12 +0000</pubDate>
				<guid isPermaLink="false">/?post_type=product#038;p=49</guid>

					<description><![CDATA[<p><img data-tf-not-load="1" fetchpriority="high" loading="auto" decoding="sync" width="250" height="250" src="/wp-content/uploads/2023/11/peach-jam1.jpg" class="attachment-full size-full wp-post-image" alt="" decoding="async" fetchpriority="high" /></p>Мармаладът от кайсия е сладка деликатеса, която носи в себе си аромата и вкуса на слънчевите летни дни. Този джем съчетава сладост и лека киселинност, правейки го идеален за намазване върху тост или десерти. Насладете се на вкуса на лято през цялата година с мармалад от кайсия.]]></description>
										<content:encoded><![CDATA[<p><img data-tf-not-load="1" width="250" height="250" src="/wp-content/uploads/2023/11/peach-jam1.jpg" class="attachment-full size-full wp-post-image" alt="" decoding="async" /></p><div class="flex-1 overflow-hidden">
<div class="react-scroll-to-bottom--css-snols-79elbk h-full">
<div class="react-scroll-to-bottom--css-snols-1n7m0yu">
<div class="flex flex-col text-sm gizmo:pb-9 dark:bg-gray-800 gizmo:dark:bg-transparent">
<div class="group w-full text-token-text-primary border-b border-black/10 gizmo:border-0 dark:border-gray-900/50 gizmo:dark:border-0 bg-gray-50 gizmo:bg-transparent dark:bg-[#444654] gizmo:dark:bg-transparent" data-testid="conversation-turn-3">
<div class="p-4 gizmo:py-2 justify-center text-base md:gap-6 md:py-6 m-auto">
<div class="flex flex-1 gap-4 text-base mx-auto md:gap-6 gizmo:gap-3 gizmo:md:px-5 gizmo:lg:px-1 gizmo:xl:px-5 md:max-w-2xl lg:max-w-[38rem] gizmo:md:max-w-3xl gizmo:lg:max-w-[40rem] gizmo:xl:max-w-[48rem] xl:max-w-3xl }">
<div class="relative flex w-[calc(100%-50px)] flex-col gizmo:w-full lg:w-[calc(100%-115px)] agent-turn">
<div class="flex-col gap-1 md:gap-3">
<div class="flex flex-grow flex-col max-w-full gap-3 gizmo:gap-0">
<div class="min-h-[20px] text-message peer flex flex-col items-start gap-3 whitespace-pre-wrap break-words peer-[.text-message]:mt-5 overflow-x-auto" data-message-author-role="assistant" data-message-id="98b14d21-1954-43c7-bea3-c89c08d07f50">
<div class="markdown prose w-full break-words dark:prose-invert light">
<p>Мармалад от кайсия &#8211; Вкусът на Слънцето във Всяко Хапване</p>
<p>Мармаладът от кайсия е деликатес, който носи в себе си всичката слънчева светлина и свежест на летните дни. Този невероятно вкусен джем се приготвя от сочни и сладки кайсии, които се улавят през лятото, когато са в най-върховата си форма. С този мармалад можете да запазите аромата и вкуса на лятото през цялата година.</p>
<p>Кайсиите, използвани за мармалада, са богати на витамини и фибри, които го правят не само вкусен, но и полезен за здравето. Този джем е отличен начин да добавите слънчева енергия и витамини във вашата закуска или следобедно удоволствие.</p>
<p>Мармаладът от кайсия се характеризира с изключително богат и наситен вкус, с нежна сладост и лека киселинност. Той е идеален за намазване върху тост или пита, добавяне към кисело мляко или йогурт, или използване като сладък сос за десерти. С него може да създадете безброй вкусни и креативни рецепти.</p>
<p>Независимо дали го консумирате на сутринта с кафе или следобед с чай, мармаладът от кайсия ви предоставя несравнимо удоволствие. Той е идеален избор за всички, които обичат сладки наслади и качествени продукти.</p>
<p>Насладете се на вкуса на лято през цялата година с нашия мармалад от кайсия. Разкрийте ароматите и вкусовете, които този джем носи със себе си и се насладете на най-доброто, което природата ни предлага.</p>
</div>
</div>
</div>
</div>
</div>
</div>
</div>
</div>
</div>
</div>
</div>
</div>
<!--themify_builder_content-->
<div id="themify_builder_content-49" data-postid="49" class="themify_builder_content themify_builder_content-49 themify_builder tf_clear">
    </div>
<!--/themify_builder_content-->
]]></content:encoded>
					
		
		
			</item>
	</channel>
</rss>
